method	run_id	run_config	provenance	resource_log	metaquast_report_ambiguity9999
DADEC	zymo_10pct_dadec_original_dev_fix_a_k59_k59_s1_a2_a1	benchmark/config/runs/zymo/10pct_dadec.yaml	benchmark/runs/zymo_10pct/zymo_10pct_dadec_original_dev_fix_a_k59_k59_s1_a2_a1/benchmark/provenance.json	/home/work/wenhai/dadec/benchmark/runs/zymo_10pct/zymo_10pct_dadec_original_dev_fix_a_k59_k59_s1_a2_a1/benchmark/short_10pct/dadec/resources.time.txt	benchmark/runs/zymo_10pct/zymo_10pct_dadec_original_dev_fix_a_k59_k59_s1_a2_a1/output/short_10pct/dadec/metaquast.ambiguity9999/combined_reference/report.tsv
FMLRC	zymo_10pct_fmlrc_original_k21_k59	benchmark/config/runs/zymo/10pct_fmlrc.yaml	benchmark/runs/zymo_10pct/zymo_10pct_fmlrc_original_k21_k59/benchmark/provenance.json	MISSING	benchmark/runs/zymo_10pct/zymo_10pct_fmlrc_original_k21_k59/output/short_10pct/fmlrc/metaquast.ambiguity9999/combined_reference/report.tsv
F_HERO	zymo_10pct_f_hero_original_k21_k59_hs30_hi1	benchmark/config/runs/zymo/10pct_f_hero.yaml	benchmark/runs/zymo_10pct/zymo_10pct_f_hero_original_k21_k59_hs30_hi1/benchmark/provenance.json	MISSING	benchmark/runs/zymo_10pct/zymo_10pct_f_hero_original_k21_k59_hs30_hi1/output/short_10pct/f_hero/metaquast.ambiguity9999/combined_reference/report.tsv
Ratatosk	zymo_10pct_ratatosk_original_k31_k63	benchmark/config/runs/zymo/10pct_ratatosk.yaml	benchmark/runs/zymo_10pct/zymo_10pct_ratatosk_original_k31_k63/benchmark/provenance.json	MISSING	benchmark/runs/zymo_10pct/zymo_10pct_ratatosk_original_k31_k63/output/short_10pct/ratatosk/metaquast.ambiguity9999/combined_reference/report.tsv
R_HERO	zymo_10pct_r_hero_original_k31_k63_hs30_hi1	benchmark/config/runs/zymo/10pct_r_hero.yaml	benchmark/runs/zymo_10pct/zymo_10pct_r_hero_original_k31_k63_hs30_hi1/benchmark/provenance.json	MISSING	benchmark/runs/zymo_10pct/zymo_10pct_r_hero_original_k31_k63_hs30_hi1/output/short_10pct/r_hero/metaquast.ambiguity9999/combined_reference/report.tsv
LoRDEC	zymo_10pct_lordec_original_k31_ls5	benchmark/config/runs/zymo/10pct_lordec.yaml	benchmark/runs/zymo_10pct/zymo_10pct_lordec_original_k31_ls5/benchmark/provenance.json	MISSING	benchmark/runs/zymo_10pct/zymo_10pct_lordec_original_k31_ls5/output/short_10pct/lordec/metaquast.ambiguity9999/combined_reference/report.tsv
L_HERO	zymo_10pct_l_hero_original_k31_ls5_hs30_hi1	benchmark/config/runs/zymo/10pct_l_hero.yaml	benchmark/runs/zymo_10pct/zymo_10pct_l_hero_original_k31_ls5_hs30_hi1/benchmark/provenance.json	MISSING	benchmark/runs/zymo_10pct/zymo_10pct_l_hero_original_k31_ls5_hs30_hi1/output/short_10pct/l_hero/metaquast.ambiguity9999/combined_reference/report.tsv
CoLoRMap	zymo_10pct_colormap_original	benchmark/config/runs/zymo/10pct_colormap.yaml	benchmark/runs/zymo_10pct/zymo_10pct_colormap_original/benchmark/provenance.json	MISSING	benchmark/runs/zymo_10pct/zymo_10pct_colormap_original/output/short_10pct/colormap/metaquast.ambiguity9999/combined_reference/report.tsv
Proovread	zymo_10pct_proovread_original	benchmark/config/runs/zymo/10pct_proovread.yaml	benchmark/runs/zymo_10pct/zymo_10pct_proovread_original/benchmark/provenance.json	MISSING	benchmark/runs/zymo_10pct/zymo_10pct_proovread_original/output/short_10pct/proovread/metaquast.ambiguity9999/combined_reference/report.tsv
