method	run_id	quast_report	resource_log	resource_log_status
DADEC	drosophila_43x_dadec_dev_fix_a_k39_k39_s3_a3_a2	benchmark/runs/drosophila_43x/drosophila_43x_dadec_dev_fix_a_k39_k39_s3_a3_a2/output/short_43x/dadec/quast/report.tsv	benchmark/runs/drosophila_43x/drosophila_43x_dadec_dev_fix_a_k39_k39_s3_a3_a2/benchmark/short_43x/dadec/resources.time.txt	present
FMLRC	drosophila_43x_fmlrc_k21_k59	benchmark/runs/drosophila_43x/drosophila_43x_fmlrc_k21_k59/output/short_43x/fmlrc/quast/report.tsv	benchmark/runs/drosophila_43x/drosophila_43x_fmlrc_k21_k59/benchmark/short_43x/fmlrc/resources.time.txt	missing
F_HERO	drosophila_43x_f_hero_k21_k59_hs10_hi1	benchmark/runs/drosophila_43x/drosophila_43x_f_hero_k21_k59_hs10_hi1/output/short_43x/f_hero/quast/report.tsv	benchmark/runs/drosophila_43x/drosophila_43x_f_hero_k21_k59_hs10_hi1/benchmark/short_43x/f_hero/resources.time.txt	missing
Ratatosk	drosophila_43x_ratatosk_k31_k63	benchmark/runs/drosophila_43x/drosophila_43x_ratatosk_k31_k63/output/short_43x/ratatosk/quast/report.tsv	benchmark/runs/drosophila_43x/drosophila_43x_ratatosk_k31_k63/benchmark/short_43x/ratatosk/resources.time.txt	missing
R_HERO	drosophila_43x_r_hero_k31_k63_hs10_hi1	benchmark/runs/drosophila_43x/drosophila_43x_r_hero_k31_k63_hs10_hi1/output/short_43x/r_hero/quast/report.tsv	benchmark/runs/drosophila_43x/drosophila_43x_r_hero_k31_k63_hs10_hi1/benchmark/short_43x/r_hero/resources.time.txt	missing
LoRDEC	drosophila_43x_lordec_k21_ls5	benchmark/runs/drosophila_43x/drosophila_43x_lordec_k21_ls5/output/short_43x/lordec/quast/report.tsv	benchmark/runs/drosophila_43x/drosophila_43x_lordec_k21_ls5/benchmark/short_43x/lordec/resources.time.txt	missing
L_HERO	drosophila_43x_l_hero_k21_ls5_hs10_hi1	benchmark/runs/drosophila_43x/drosophila_43x_l_hero_k21_ls5_hs10_hi1/output/short_43x/l_hero/quast/report.tsv	benchmark/runs/drosophila_43x/drosophila_43x_l_hero_k21_ls5_hs10_hi1/benchmark/short_43x/l_hero/resources.time.txt	missing
CoLoRMap	drosophila_43x_colormap	benchmark/runs/drosophila_43x/drosophila_43x_colormap/output/short_43x/colormap/quast/report.tsv	benchmark/runs/drosophila_43x/drosophila_43x_colormap/benchmark/short_43x/colormap/resources.time.txt	missing
Proovread	drosophila_43x_proovread	benchmark/runs/drosophila_43x/drosophila_43x_proovread/output/short_43x/proovread/quast/report.tsv	benchmark/runs/drosophila_43x/drosophila_43x_proovread/benchmark/short_43x/proovread/resources.time.txt	missing
