method	mismatches_per_100_kbp	indels_per_100_kbp	haplotype_coverage_percent	local_misassemblies	contigs_number	quast_report	resource_log_status
DADEC	281.84	87.75	98.449	59859	643733	benchmark/runs/drosophila_43x/drosophila_43x_dadec_dev_fix_a_k39_k39_s3_a3_a2/output/short_43x/dadec/quast/report.tsv	present
FMLRC	309.95	213.44	97.497	58000	641930	benchmark/runs/drosophila_43x/drosophila_43x_fmlrc_k21_k59/output/short_43x/fmlrc/quast/report.tsv	missing
F_HERO	448.18	158.22	97.587	141412	642622	benchmark/runs/drosophila_43x/drosophila_43x_f_hero_k21_k59_hs10_hi1/output/short_43x/f_hero/quast/report.tsv	missing
Ratatosk	308.08	341.37	96.131	42828	642271	benchmark/runs/drosophila_43x/drosophila_43x_ratatosk_k31_k63/output/short_43x/ratatosk/quast/report.tsv	missing
R_HERO	526.07	255.26	97.266	169389	642838	benchmark/runs/drosophila_43x/drosophila_43x_r_hero_k31_k63_hs10_hi1/output/short_43x/r_hero/quast/report.tsv	missing
LoRDEC	569.10	363.29	97.787	83379	642960	benchmark/runs/drosophila_43x/drosophila_43x_lordec_k21_ls5/output/short_43x/lordec/quast/report.tsv	missing
L_HERO	651.83	267.69	97.946	187836	643542	benchmark/runs/drosophila_43x/drosophila_43x_l_hero_k21_ls5_hs10_hi1/output/short_43x/l_hero/quast/report.tsv	missing
CoLoRMap	722.99	673.58	41.790	1382	642776	benchmark/runs/drosophila_43x/drosophila_43x_colormap/output/short_43x/colormap/quast/report.tsv	missing
Proovread	1180.89	1552.38	31.066	459	626817	benchmark/runs/drosophila_43x/drosophila_43x_proovread/output/short_43x/proovread/quast/report.tsv	missing
